company_id,year,cfo_sign,cfi_sign,cff_sign,pattern_label
TCS,2013-03-01 00:00:00,+,-,-,Reinvestor
TCS,2014-03-01 00:00:00,+,-,-,Reinvestor
TCS,2015-03-01 00:00:00,+,-,-,Reinvestor
TCS,2016-03-01 00:00:00,+,-,-,Reinvestor
TCS,2017-03-01 00:00:00,+,-,-,Reinvestor
TCS,2018-03-01 00:00:00,+,+,-,Liquidating Assets
TCS,2019-03-01 00:00:00,+,+,-,Liquidating Assets
TCS,2020-03-01 00:00:00,+,+,-,Liquidating Assets
TCS,2021-03-01 00:00:00,+,-,-,Reinvestor
TCS,2022-03-01 00:00:00,+,-,-,Reinvestor
TCS,2023-03-01 00:00:00,+,+,-,Liquidating Assets
TCS,2024-03-01 00:00:00,+,+,-,Liquidating Assets
ABB,2012-12-01 00:00:00,+,-,-,Reinvestor
ABB,2014-03-01 00:00:00,+,-,-,Reinvestor
ABB,2015-03-01 00:00:00,+,-,-,Reinvestor
ABB,2016-03-01 00:00:00,+,-,-,Reinvestor
ABB,2017-03-01 00:00:00,+,-,-,Reinvestor
ABB,2018-03-01 00:00:00,+,-,-,Reinvestor
ABB,2019-03-01 00:00:00,+,-,-,Reinvestor
ABB,2020-03-01 00:00:00,+,-,-,Reinvestor
ABB,2021-03-01 00:00:00,+,-,-,Reinvestor
ABB,2022-03-01 00:00:00,+,-,-,Reinvestor
ABB,2023-03-01 00:00:00,+,-,-,Reinvestor
ABB,2024-03-01 00:00:00,+,-,-,Reinvestor
ABB,2014-03-01 00:00:00,+,+,+,Cash Accumulator
ABB,2015-03-01 00:00:00,-,-,+,Growth Funded by Debt
ABB,2016-03-01 00:00:00,+,-,-,Reinvestor
ABB,2017-03-01 00:00:00,+,-,-,Reinvestor
ABB,2018-03-01 00:00:00,+,-,+,Mixed
ABB,2019-03-01 00:00:00,+,-,+,Mixed
ABB,2020-03-01 00:00:00,+,-,+,Mixed
ABB,2021-03-01 00:00:00,+,-,-,Reinvestor
ABB,2022-03-01 00:00:00,+,-,-,Reinvestor
ABB,2023-03-01 00:00:00,+,-,+,Mixed
ABB,2024-03-01 00:00:00,+,-,-,Reinvestor
ADANIENSOL,2014-03-01 00:00:00,+,+,+,Cash Accumulator
ADANIENSOL,2015-03-01 00:00:00,-,-,+,Growth Funded by Debt
ADANIENSOL,2016-03-01 00:00:00,+,-,-,Reinvestor
ADANIENSOL,2017-03-01 00:00:00,+,-,-,Reinvestor
ADANIENSOL,2018-03-01 00:00:00,+,-,+,Mixed
ADANIENSOL,2019-03-01 00:00:00,+,-,+,Mixed
ADANIENSOL,2020-03-01 00:00:00,+,-,+,Mixed
ADANIENSOL,2021-03-01 00:00:00,+,-,-,Reinvestor
ADANIENSOL,2022-03-01 00:00:00,+,-,-,Reinvestor
ADANIENSOL,2023-03-01 00:00:00,+,-,+,Mixed
ADANIENSOL,2024-03-01 00:00:00,+,-,-,Reinvestor
ADANIENT,2013-03-01 00:00:00,+,-,+,Mixed
ADANIENT,2014-03-01 00:00:00,+,-,-,Reinvestor
ADANIENT,2015-03-01 00:00:00,+,-,+,Mixed
ADANIENT,2016-03-01 00:00:00,+,-,-,Reinvestor
ADANIENT,2017-03-01 00:00:00,+,-,+,Mixed
ADANIENT,2018-03-01 00:00:00,+,-,+,Mixed
ADANIENT,2019-03-01 00:00:00,+,+,-,Liquidating Assets
ADANIENT,2020-03-01 00:00:00,+,-,-,Reinvestor
ADANIENT,2021-03-01 00:00:00,+,-,+,Mixed
ADANIENT,2022-03-01 00:00:00,+,-,+,Mixed
ADANIENT,2023-03-01 00:00:00,+,-,-,Reinvestor
ADANIENT,2024-03-01 00:00:00,+,-,+,Mixed
ADANIGREEN,2017-03-01 00:00:00,+,-,+,Mixed
ADANIGREEN,2018-03-01 00:00:00,+,-,+,Mixed
ADANIGREEN,2019-03-01 00:00:00,+,-,+,Mixed
ADANIGREEN,2020-03-01 00:00:00,+,-,+,Mixed
ADANIGREEN,2021-03-01 00:00:00,+,-,+,Mixed
ADANIGREEN,2022-03-01 00:00:00,+,-,+,Mixed
ADANIGREEN,2023-03-01 00:00:00,+,-,-,Reinvestor
ADANIGREEN,2024-03-01 00:00:00,+,-,+,Mixed
ADANIPORTS,2013-03-01 00:00:00,+,-,+,Mixed
ADANIPORTS,2014-03-01 00:00:00,+,-,+,Mixed
ADANIPORTS,2015-03-01 00:00:00,+,-,-,Reinvestor
ADANIPORTS,2016-03-01 00:00:00,+,-,+,Mixed
ADANIPORTS,2017-03-01 00:00:00,+,-,-,Reinvestor
ADANIPORTS,2018-03-01 00:00:00,+,-,-,Reinvestor
ADANIPORTS,2019-03-01 00:00:00,+,-,+,Mixed
ADANIPORTS,2020-03-01 00:00:00,+,-,-,Reinvestor
ADANIPORTS,2021-03-01 00:00:00,+,-,+,Mixed
ADANIPORTS,2022-03-01 00:00:00,+,-,-,Reinvestor
ADANIPORTS,2023-03-01 00:00:00,+,-,-,Reinvestor
ADANIPORTS,2024-03-01 00:00:00,+,-,-,Reinvestor
ADANIPOWER,2013-03-01 00:00:00,+,-,+,Mixed
ADANIPOWER,2014-03-01 00:00:00,+,-,+,Mixed
ADANIPOWER,2015-03-01 00:00:00,+,-,-,Reinvestor
ADANIPOWER,2016-03-01 00:00:00,+,-,-,Reinvestor
ADANIPOWER,2017-03-01 00:00:00,+,-,-,Reinvestor
ADANIPOWER,2018-03-01 00:00:00,+,-,-,Reinvestor
ADANIPOWER,2019-03-01 00:00:00,+,-,-,Reinvestor
ADANIPOWER,2020-03-01 00:00:00,+,-,-,Reinvestor
ADANIPOWER,2021-03-01 00:00:00,+,-,-,Reinvestor
ADANIPOWER,2022-03-01 00:00:00,+,+,-,Liquidating Assets
ADANIPOWER,2023-03-01 00:00:00,+,+,-,Liquidating Assets
ADANIPOWER,2024-03-01 00:00:00,+,+,-,Liquidating Assets
AMBUJACEM,2012-12-01 00:00:00,+,-,-,Reinvestor
AMBUJACEM,2013-12-01 00:00:00,+,-,-,Reinvestor
AMBUJACEM,2014-12-01 00:00:00,+,-,-,Reinvestor
AMBUJACEM,2015-12-01 00:00:00,+,-,-,Reinvestor
AMBUJACEM,2016-12-01 00:00:00,+,-,-,Reinvestor
AMBUJACEM,2017-12-01 00:00:00,+,-,-,Reinvestor
AMBUJACEM,2018-12-01 00:00:00,+,-,-,Reinvestor
AMBUJACEM,2019-12-01 00:00:00,+,-,-,Reinvestor
AMBUJACEM,2020-12-01 00:00:00,+,-,-,Reinvestor
AMBUJACEM,2021-12-01 00:00:00,+,-,-,Reinvestor
AMBUJACEM,2023-03-01 00:00:00,+,-,+,Mixed
AMBUJACEM,2024-03-01 00:00:00,+,-,+,Mixed
APOLLOHOSP,2013-03-01 00:00:00,+,-,+,Mixed
APOLLOHOSP,2014-03-01 00:00:00,+,-,-,Reinvestor
APOLLOHOSP,2015-03-01 00:00:00,+,-,+,Mixed
APOLLOHOSP,2016-03-01 00:00:00,+,-,+,Mixed
APOLLOHOSP,2017-03-01 00:00:00,+,-,+,Mixed
APOLLOHOSP,2018-03-01 00:00:00,+,-,-,Reinvestor
APOLLOHOSP,2019-03-01 00:00:00,+,-,-,Reinvestor
APOLLOHOSP,2020-03-01 00:00:00,+,-,-,Reinvestor
APOLLOHOSP,2021-03-01 00:00:00,+,-,-,Reinvestor
APOLLOHOSP,2022-03-01 00:00:00,+,-,-,Reinvestor
APOLLOHOSP,2023-03-01 00:00:00,+,-,-,Reinvestor
APOLLOHOSP,2024-03-01 00:00:00,+,-,-,Reinvestor
ASIANPAINT,2013-03-01 00:00:00,+,-,-,Reinvestor
ASIANPAINT,2014-03-01 00:00:00,+,-,-,Reinvestor
ASIANPAINT,2015-03-01 00:00:00,+,-,-,Reinvestor
ASIANPAINT,2016-03-01 00:00:00,+,-,-,Reinvestor
ASIANPAINT,2017-03-01 00:00:00,+,-,-,Reinvestor
ASIANPAINT,2018-03-01 00:00:00,+,-,-,Reinvestor
ASIANPAINT,2019-03-01 00:00:00,+,-,-,Reinvestor
ASIANPAINT,2020-03-01 00:00:00,+,-,-,Reinvestor
ASIANPAINT,2021-03-01 00:00:00,+,-,-,Reinvestor
ASIANPAINT,2022-03-01 00:00:00,+,-,-,Reinvestor
ASIANPAINT,2023-03-01 00:00:00,+,-,-,Reinvestor
ASIANPAINT,2024-03-01 00:00:00,+,-,-,Reinvestor
AGTL,2018-03-01 00:00:00,+,-,+,Mixed
AGTL,2019-03-01 00:00:00,+,+,-,Liquidating Assets
AGTL,2020-03-01 00:00:00,+,-,-,Reinvestor
AGTL,2021-03-01 00:00:00,+,-,+,Mixed
AGTL,2022-03-01 00:00:00,+,-,+,Mixed
AGTL,2023-03-01 00:00:00,+,-,+,Mixed
AGTL,2024-03-01 00:00:00,+,-,-,Reinvestor
AXISBANK,2013-03-01 00:00:00,+,-,+,Mixed
AXISBANK,2014-03-01 00:00:00,+,-,+,Mixed
AXISBANK,2015-03-01 00:00:00,-,-,+,Growth Funded by Debt
AXISBANK,2016-03-01 00:00:00,-,+,+,Distress Signal
AXISBANK,2017-03-01 00:00:00,+,-,-,Reinvestor
AXISBANK,2018-03-01 00:00:00,-,-,+,Growth Funded by Debt
AXISBANK,2019-03-01 00:00:00,+,-,+,Mixed
AXISBANK,2020-03-01 00:00:00,+,-,+,Mixed
AXISBANK,2021-03-01 00:00:00,+,-,+,Mixed
AXISBANK,2022-03-01 00:00:00,+,-,+,Mixed
AXISBANK,2023-03-01 00:00:00,+,-,+,Mixed
AXISBANK,2024-03-01 00:00:00,-,-,+,Growth Funded by Debt
BAJAJ-AUTO,2013-03-01 00:00:00,+,-,-,Reinvestor
BAJAJ-AUTO,2014-03-01 00:00:00,+,-,-,Reinvestor
BAJAJ-AUTO,2015-03-01 00:00:00,+,-,-,Reinvestor
BAJAJ-AUTO,2016-03-01 00:00:00,+,-,-,Reinvestor
BAJAJ-AUTO,2017-03-01 00:00:00,+,-,-,Reinvestor
BAJAJ-AUTO,2018-03-01 00:00:00,+,-,-,Reinvestor
BAJAJ-AUTO,2019-03-01 00:00:00,+,-,-,Reinvestor
BAJAJ-AUTO,2020-03-01 00:00:00,+,+,-,Liquidating Assets
BAJAJ-AUTO,2021-03-01 00:00:00,+,-,-,Reinvestor
BAJAJ-AUTO,2022-03-01 00:00:00,+,+,-,Liquidating Assets
BAJAJ-AUTO,2023-03-01 00:00:00,+,+,-,Liquidating Assets
BAJAJ-AUTO,2024-03-01 00:00:00,+,-,-,Reinvestor
BAJAJ-AUTO,2013-03-01 00:00:00,+,-,-,Reinvestor
BAJAJ-AUTO,2014-03-01 00:00:00,+,-,-,Reinvestor
BAJAJ-AUTO,2015-03-01 00:00:00,+,-,-,Reinvestor
BAJAJ-AUTO,2016-03-01 00:00:00,+,-,-,Reinvestor
BAJAJ-AUTO,2017-03-01 00:00:00,+,-,-,Reinvestor
BAJAJ-AUTO,2018-03-01 00:00:00,+,-,-,Reinvestor
BAJAJ-AUTO,2019-03-01 00:00:00,+,-,-,Reinvestor
BAJAJ-AUTO,2020-03-01 00:00:00,+,+,-,Liquidating Assets
BAJAJ-AUTO,2021-03-01 00:00:00,+,-,-,Reinvestor
BAJAJ-AUTO,2022-03-01 00:00:00,+,+,-,Liquidating Assets
BAJAJ-AUTO,2023-03-01 00:00:00,+,+,-,Liquidating Assets
BAJAJ-AUTO,2024-03-01 00:00:00,+,-,-,Reinvestor
BAJAJFINSV,2013-03-01 00:00:00,-,+,+,Distress Signal
BAJAJFINSV,2014-03-01 00:00:00,-,+,+,Distress Signal
BAJAJFINSV,2015-03-01 00:00:00,-,+,+,Distress Signal
BAJAJFINSV,2016-03-01 00:00:00,-,-,+,Growth Funded by Debt
BAJAJFINSV,2017-03-01 00:00:00,-,+,+,Distress Signal
BAJAJFINSV,2018-03-01 00:00:00,-,-,+,Growth Funded by Debt
BAJAJFINSV,2019-03-01 00:00:00,-,-,+,Growth Funded by Debt
BAJAJFINSV,2020-03-01 00:00:00,-,-,+,Growth Funded by Debt
BAJAJFINSV,2021-03-01 00:00:00,+,-,+,Mixed
BAJAJFINSV,2022-03-01 00:00:00,-,+,+,Distress Signal
BAJAJFINSV,2023-03-01 00:00:00,-,-,+,Growth Funded by Debt
BAJAJFINSV,2024-03-01 00:00:00,-,-,+,Growth Funded by Debt
BAJAJHLDNG,2013-03-01 00:00:00,+,-,-,Reinvestor
BAJAJHLDNG,2014-03-01 00:00:00,+,-,-,Reinvestor
BAJAJHLDNG,2015-03-01 00:00:00,+,-,-,Reinvestor
BAJAJHLDNG,2016-03-01 00:00:00,+,+,-,Liquidating Assets
BAJAJHLDNG,2017-03-01 00:00:00,-,-,-,Pre-Revenue
BAJAJHLDNG,2018-03-01 00:00:00,+,-,-,Reinvestor
BAJAJHLDNG,2019-03-01 00:00:00,+,-,-,Reinvestor
BAJAJHLDNG,2020-03-01 00:00:00,+,-,-,Reinvestor
BAJAJHLDNG,2021-03-01 00:00:00,+,-,-,Reinvestor
BAJAJHLDNG,2022-03-01 00:00:00,+,-,-,Reinvestor
BAJAJHLDNG,2023-03-01 00:00:00,+,-,-,Reinvestor
BAJAJHLDNG,2024-03-01 00:00:00,+,-,-,Reinvestor
BAJFINANCE,2015-03-01 00:00:00,-,-,+,Growth Funded by Debt
BAJFINANCE,2016-03-01 00:00:00,-,-,+,Growth Funded by Debt
BAJFINANCE,2017-03-01 00:00:00,-,-,+,Growth Funded by Debt
BAJFINANCE,2018-03-01 00:00:00,-,+,+,Distress Signal
BAJFINANCE,2019-03-01 00:00:00,-,-,+,Growth Funded by Debt
BAJFINANCE,2020-03-01 00:00:00,-,-,+,Growth Funded by Debt
BAJFINANCE,2021-03-01 00:00:00,-,-,+,Growth Funded by Debt
BAJFINANCE,2022-03-01 00:00:00,-,+,+,Distress Signal
BAJFINANCE,2023-03-01 00:00:00,-,-,+,Growth Funded by Debt
BAJFINANCE,2024-03-01 00:00:00,-,-,+,Growth Funded by Debt
BANKBARODA,2013-03-01 00:00:00,+,-,-,Reinvestor
BANKBARODA,2014-03-01 00:00:00,+,-,+,Mixed
BANKBARODA,2015-03-01 00:00:00,+,-,-,Reinvestor
BANKBARODA,2016-03-01 00:00:00,-,-,-,Pre-Revenue
BANKBARODA,2017-03-01 00:00:00,+,-,-,Reinvestor
BANKBARODA,2018-03-01 00:00:00,-,-,+,Growth Funded by Debt
BANKBARODA,2019-03-01 00:00:00,-,-,+,Growth Funded by Debt
BANKBARODA,2020-03-01 00:00:00,+,-,+,Mixed
BANKBARODA,2021-03-01 00:00:00,-,-,-,Pre-Revenue
BANKBARODA,2022-03-01 00:00:00,+,-,-,Reinvestor
BANKBARODA,2023-03-01 00:00:00,-,-,-,Pre-Revenue
BANKBARODA,2024-03-01 00:00:00,-,-,+,Growth Funded by Debt
BEL,2013-03-01 00:00:00,-,+,-,Unknown
BEL,2014-03-01 00:00:00,-,+,-,Unknown
BEL,2015-03-01 00:00:00,+,-,-,Reinvestor
BEL,2016-03-01 00:00:00,+,-,-,Reinvestor
BEL,2017-03-01 00:00:00,-,+,-,Unknown
BEL,2018-03-01 00:00:00,-,-,-,Pre-Revenue
BEL,2019-03-01 00:00:00,+,-,-,Reinvestor
BEL,2020-03-01 00:00:00,+,-,-,Reinvestor
BEL,2021-03-01 00:00:00,+,-,-,Reinvestor
BEL,2022-03-01 00:00:00,+,-,-,Reinvestor
BEL,2023-03-01 00:00:00,+,+,-,Liquidating Assets
BEL,2024-03-01 00:00:00,+,-,-,Reinvestor
BHARTIARTL,2013-03-01 00:00:00,+,-,-,Reinvestor
BHARTIARTL,2014-03-01 00:00:00,+,-,+,Mixed
BHARTIARTL,2015-03-01 00:00:00,+,-,-,Reinvestor
BHARTIARTL,2016-03-01 00:00:00,+,-,-,Reinvestor
BHARTIARTL,2017-03-01 00:00:00,+,-,-,Reinvestor
BHARTIARTL,2018-03-01 00:00:00,+,-,+,Mixed
BHARTIARTL,2019-03-01 00:00:00,+,-,+,Mixed
BHARTIARTL,2020-03-01 00:00:00,+,-,+,Mixed
BHARTIARTL,2021-03-01 00:00:00,+,-,-,Reinvestor
BHARTIARTL,2022-03-01 00:00:00,+,-,-,Reinvestor
BHARTIARTL,2023-03-01 00:00:00,+,-,-,Reinvestor
BHARTIARTL,2024-03-01 00:00:00,+,-,-,Reinvestor
BHEL,2013-03-01 00:00:00,+,-,+,Mixed
BHEL,2014-03-01 00:00:00,+,-,+,Mixed
BHEL,2015-03-01 00:00:00,+,+,-,Liquidating Assets
BHEL,2016-03-01 00:00:00,+,+,-,Liquidating Assets
BHEL,2017-03-01 00:00:00,+,-,-,Reinvestor
BHEL,2018-03-01 00:00:00,+,+,-,Liquidating Assets
BHEL,2019-03-01 00:00:00,-,+,-,Unknown
BHEL,2020-03-01 00:00:00,-,+,+,Distress Signal
BHEL,2021-03-01 00:00:00,+,-,-,Reinvestor
BHEL,2022-03-01 00:00:00,+,-,-,Reinvestor
BHEL,2023-03-01 00:00:00,-,+,+,Distress Signal
BHEL,2024-03-01 00:00:00,-,+,+,Distress Signal
BOSCHLTD,2012-12-01 00:00:00,+,-,-,Reinvestor
BOSCHLTD,2013-12-01 00:00:00,+,-,-,Reinvestor
BOSCHLTD,2015-03-01 00:00:00,+,-,-,Reinvestor
BOSCHLTD,2016-03-01 00:00:00,+,-,-,Reinvestor
BOSCHLTD,2017-03-01 00:00:00,+,+,-,Liquidating Assets
BOSCHLTD,2018-03-01 00:00:00,+,-,-,Reinvestor
BOSCHLTD,2019-03-01 00:00:00,+,+,-,Liquidating Assets
BOSCHLTD,2020-03-01 00:00:00,+,-,-,Reinvestor
BOSCHLTD,2021-03-01 00:00:00,+,-,-,Reinvestor
BOSCHLTD,2022-03-01 00:00:00,+,-,-,Reinvestor
BOSCHLTD,2023-03-01 00:00:00,+,+,-,Liquidating Assets
BOSCHLTD,2024-03-01 00:00:00,+,+,-,Liquidating Assets
BPCL,2013-03-01 00:00:00,+,-,-,Reinvestor
BPCL,2014-03-01 00:00:00,+,-,-,Reinvestor
BPCL,2015-03-01 00:00:00,+,-,-,Reinvestor
BPCL,2016-03-01 00:00:00,+,-,-,Reinvestor
BPCL,2017-03-01 00:00:00,+,-,+,Mixed
BPCL,2018-03-01 00:00:00,+,-,-,Reinvestor
BPCL,2019-03-01 00:00:00,+,-,+,Mixed
BPCL,2020-03-01 00:00:00,+,-,+,Mixed
BPCL,2021-03-01 00:00:00,+,-,-,Reinvestor
BPCL,2022-03-01 00:00:00,+,-,-,Reinvestor
BPCL,2023-03-01 00:00:00,+,-,-,Reinvestor
BPCL,2024-03-01 00:00:00,+,-,-,Reinvestor
BRITANNIA,2013-03-01 00:00:00,+,+,-,Liquidating Assets
BRITANNIA,2014-03-01 00:00:00,+,-,-,Reinvestor
BRITANNIA,2015-03-01 00:00:00,+,-,-,Reinvestor
BRITANNIA,2016-03-01 00:00:00,+,-,-,Reinvestor
BRITANNIA,2017-03-01 00:00:00,+,-,-,Reinvestor
BRITANNIA,2018-03-01 00:00:00,+,-,-,Reinvestor
BRITANNIA,2019-03-01 00:00:00,+,-,-,Reinvestor
BRITANNIA,2020-03-01 00:00:00,+,-,+,Mixed
BRITANNIA,2021-03-01 00:00:00,+,+,-,Liquidating Assets
BRITANNIA,2022-03-01 00:00:00,+,+,-,Liquidating Assets
BRITANNIA,2023-03-01 00:00:00,+,-,-,Reinvestor
BRITANNIA,2024-03-01 00:00:00,+,+,-,Liquidating Assets
CANBK,2013-03-01 00:00:00,+,-,-,Reinvestor
CANBK,2014-03-01 00:00:00,+,-,-,Reinvestor
CANBK,2015-03-01 00:00:00,+,-,-,Reinvestor
CANBK,2016-03-01 00:00:00,+,-,-,Reinvestor
CANBK,2017-03-01 00:00:00,+,-,+,Mixed
CANBK,2018-03-01 00:00:00,-,-,+,Growth Funded by Debt
CANBK,2019-03-01 00:00:00,+,-,-,Reinvestor
CANBK,2020-03-01 00:00:00,-,-,+,Growth Funded by Debt
CANBK,2021-03-01 00:00:00,+,-,+,Mixed
CANBK,2022-03-01 00:00:00,+,-,+,Mixed
CANBK,2023-03-01 00:00:00,-,-,+,Growth Funded by Debt
CANBK,2024-03-01 00:00:00,+,-,-,Reinvestor
CHOLAFIN,2013-03-01 00:00:00,-,+,+,Distress Signal
CHOLAFIN,2014-03-01 00:00:00,-,-,+,Growth Funded by Debt
CHOLAFIN,2015-03-01 00:00:00,-,-,+,Growth Funded by Debt
CHOLAFIN,2016-03-01 00:00:00,-,-,+,Growth Funded by Debt
CHOLAFIN,2017-03-01 00:00:00,-,-,+,Growth Funded by Debt
CHOLAFIN,2018-03-01 00:00:00,-,-,+,Growth Funded by Debt
CHOLAFIN,2019-03-01 00:00:00,-,-,+,Growth Funded by Debt
CHOLAFIN,2020-03-01 00:00:00,-,-,+,Growth Funded by Debt
CHOLAFIN,2021-03-01 00:00:00,-,-,+,Growth Funded by Debt
CHOLAFIN,2022-03-01 00:00:00,-,+,+,Distress Signal
CHOLAFIN,2023-03-01 00:00:00,-,-,+,Growth Funded by Debt
CHOLAFIN,2024-03-01 00:00:00,-,-,+,Growth Funded by Debt
CIPLA,2013-03-01 00:00:00,+,-,+,Mixed
CIPLA,2014-03-01 00:00:00,+,-,-,Reinvestor
CIPLA,2015-03-01 00:00:00,+,-,+,Mixed
CIPLA,2016-03-01 00:00:00,+,-,+,Mixed
CIPLA,2017-03-01 00:00:00,+,-,-,Reinvestor
CIPLA,2018-03-01 00:00:00,+,-,-,Reinvestor
CIPLA,2019-03-01 00:00:00,+,-,-,Reinvestor
CIPLA,2020-03-01 00:00:00,+,+,-,Liquidating Assets
CIPLA,2021-03-01 00:00:00,+,-,-,Reinvestor
CIPLA,2022-03-01 00:00:00,+,-,-,Reinvestor
CIPLA,2023-03-01 00:00:00,+,-,-,Reinvestor
CIPLA,2024-03-01 00:00:00,+,-,-,Reinvestor
COALINDIA,2013-03-01 00:00:00,+,-,-,Reinvestor
COALINDIA,2014-03-01 00:00:00,+,+,-,Liquidating Assets
COALINDIA,2015-03-01 00:00:00,+,+,-,Liquidating Assets
COALINDIA,2016-03-01 00:00:00,+,+,-,Liquidating Assets
COALINDIA,2017-03-01 00:00:00,+,+,-,Liquidating Assets
COALINDIA,2018-03-01 00:00:00,+,-,-,Reinvestor
COALINDIA,2019-03-01 00:00:00,+,-,-,Reinvestor
COALINDIA,2020-03-01 00:00:00,+,+,-,Liquidating Assets
COALINDIA,2021-03-01 00:00:00,+,+,-,Liquidating Assets
COALINDIA,2022-03-01 00:00:00,+,-,-,Reinvestor
COALINDIA,2023-03-01 00:00:00,+,-,-,Reinvestor
COALINDIA,2024-03-01 00:00:00,+,-,-,Reinvestor
DABUR,2013-03-01 00:00:00,+,-,-,Reinvestor
DABUR,2014-03-01 00:00:00,+,-,-,Reinvestor
DABUR,2015-03-01 00:00:00,+,-,-,Reinvestor
DABUR,2016-03-01 00:00:00,+,-,-,Reinvestor
DABUR,2017-03-01 00:00:00,+,-,-,Reinvestor
DABUR,2018-03-01 00:00:00,+,-,-,Reinvestor
DABUR,2019-03-01 00:00:00,+,+,-,Liquidating Assets
DABUR,2020-03-01 00:00:00,+,-,-,Reinvestor
DABUR,2021-03-01 00:00:00,+,-,-,Reinvestor
DABUR,2022-03-01 00:00:00,+,-,-,Reinvestor
DABUR,2023-03-01 00:00:00,+,-,-,Reinvestor
DABUR,2024-03-01 00:00:00,+,-,-,Reinvestor
DIVISLAB,2013-03-01 00:00:00,+,-,-,Reinvestor
DIVISLAB,2014-03-01 00:00:00,+,-,-,Reinvestor
DIVISLAB,2015-03-01 00:00:00,+,-,-,Reinvestor
DIVISLAB,2016-03-01 00:00:00,+,-,-,Reinvestor
DIVISLAB,2017-03-01 00:00:00,+,-,+,Mixed
DIVISLAB,2018-03-01 00:00:00,+,-,-,Reinvestor
DIVISLAB,2019-03-01 00:00:00,+,-,-,Reinvestor
DIVISLAB,2020-03-01 00:00:00,+,-,-,Reinvestor
DIVISLAB,2021-03-01 00:00:00,+,+,-,Liquidating Assets
DIVISLAB,2022-03-01 00:00:00,+,-,-,Reinvestor
DIVISLAB,2023-03-01 00:00:00,+,-,-,Reinvestor
DIVISLAB,2024-03-01 00:00:00,+,-,-,Reinvestor
DLF,2013-03-01 00:00:00,+,+,-,Liquidating Assets
DLF,2014-03-01 00:00:00,+,+,-,Liquidating Assets
DLF,2015-03-01 00:00:00,+,+,-,Liquidating Assets
DLF,2016-03-01 00:00:00,+,-,-,Reinvestor
DLF,2017-03-01 00:00:00,-,+,+,Distress Signal
DLF,2018-03-01 00:00:00,+,-,-,Reinvestor
DLF,2019-03-01 00:00:00,+,+,+,Cash Accumulator
DLF,2020-03-01 00:00:00,+,+,-,Liquidating Assets
DLF,2021-03-01 00:00:00,+,+,-,Liquidating Assets
DLF,2022-03-01 00:00:00,+,+,-,Liquidating Assets
DLF,2023-03-01 00:00:00,+,-,-,Reinvestor
DLF,2024-03-01 00:00:00,+,-,+,Mixed
DMART,2013-03-01 00:00:00,+,-,+,Mixed
DMART,2014-03-01 00:00:00,+,-,+,Mixed
DMART,2015-03-01 00:00:00,+,-,+,Mixed
DMART,2016-03-01 00:00:00,+,-,+,Mixed
DMART,2017-03-01 00:00:00,+,-,+,Mixed
DMART,2018-03-01 00:00:00,+,+,-,Liquidating Assets
DMART,2019-03-01 00:00:00,+,-,+,Mixed
DMART,2020-03-01 00:00:00,+,-,+,Mixed
DMART,2021-03-01 00:00:00,+,-,-,Reinvestor
DMART,2022-03-01 00:00:00,+,-,-,Reinvestor
DMART,2023-03-01 00:00:00,+,-,-,Reinvestor
DMART,2024-03-01 00:00:00,+,-,-,Reinvestor
DRREDDY,2013-03-01 00:00:00,+,-,-,Reinvestor
DRREDDY,2014-03-01 00:00:00,+,-,-,Reinvestor
DRREDDY,2015-03-01 00:00:00,+,-,-,Reinvestor
DRREDDY,2016-03-01 00:00:00,+,-,-,Reinvestor
DRREDDY,2017-03-01 00:00:00,+,-,-,Reinvestor
DRREDDY,2018-03-01 00:00:00,+,-,-,Reinvestor
DRREDDY,2019-03-01 00:00:00,+,-,-,Reinvestor
DRREDDY,2020-03-01 00:00:00,+,-,-,Reinvestor
DRREDDY,2021-03-01 00:00:00,+,-,-,Reinvestor
DRREDDY,2022-03-01 00:00:00,+,-,-,Reinvestor
DRREDDY,2023-03-01 00:00:00,+,-,-,Reinvestor
DRREDDY,2024-03-01 00:00:00,+,-,-,Reinvestor
EICHERMOT,2012-12-01 00:00:00,+,-,-,Reinvestor
EICHERMOT,2013-12-01 00:00:00,+,-,-,Reinvestor
EICHERMOT,2014-12-01 00:00:00,+,-,-,Reinvestor
EICHERMOT,2016-03-01 00:00:00,+,-,-,Reinvestor
EICHERMOT,2017-03-01 00:00:00,+,-,+,Mixed
EICHERMOT,2018-03-01 00:00:00,+,-,-,Reinvestor
EICHERMOT,2019-03-01 00:00:00,+,-,-,Reinvestor
EICHERMOT,2020-03-01 00:00:00,+,-,-,Reinvestor
EICHERMOT,2021-03-01 00:00:00,+,-,-,Reinvestor
EICHERMOT,2022-03-01 00:00:00,+,-,-,Reinvestor
EICHERMOT,2023-03-01 00:00:00,+,-,-,Reinvestor
EICHERMOT,2024-03-01 00:00:00,+,-,-,Reinvestor
GAIL,2013-03-01 00:00:00,+,-,+,Mixed
GAIL,2014-03-01 00:00:00,+,-,-,Reinvestor
GAIL,2015-03-01 00:00:00,+,-,-,Reinvestor
GAIL,2016-03-01 00:00:00,+,-,-,Reinvestor
GAIL,2017-03-01 00:00:00,+,-,-,Reinvestor
GAIL,2018-03-01 00:00:00,+,-,-,Reinvestor
GAIL,2019-03-01 00:00:00,+,-,-,Reinvestor
GAIL,2020-03-01 00:00:00,+,-,+,Mixed
GAIL,2021-03-01 00:00:00,+,-,-,Reinvestor
GAIL,2022-03-01 00:00:00,+,-,-,Reinvestor
GAIL,2023-03-01 00:00:00,+,-,+,Mixed
GAIL,2024-03-01 00:00:00,+,-,-,Reinvestor
GODREJCP,2013-03-01 00:00:00,+,-,+,Mixed
GODREJCP,2014-03-01 00:00:00,+,-,-,Reinvestor
GODREJCP,2015-03-01 00:00:00,+,-,-,Reinvestor
GODREJCP,2016-03-01 00:00:00,+,-,-,Reinvestor
GODREJCP,2017-03-01 00:00:00,+,-,+,Mixed
GODREJCP,2018-03-01 00:00:00,+,-,-,Reinvestor
GODREJCP,2019-03-01 00:00:00,+,+,-,Liquidating Assets
GODREJCP,2020-03-01 00:00:00,+,-,-,Reinvestor
GODREJCP,2021-03-01 00:00:00,+,-,-,Reinvestor
GODREJCP,2022-03-01 00:00:00,+,-,-,Reinvestor
GODREJCP,2023-03-01 00:00:00,+,-,-,Reinvestor
GODREJCP,2024-03-01 00:00:00,+,-,+,Mixed
GRASIM,2013-03-01 00:00:00,+,-,+,Mixed
GRASIM,2014-03-01 00:00:00,+,-,-,Reinvestor
GRASIM,2015-03-01 00:00:00,+,-,-,Reinvestor
GRASIM,2016-03-01 00:00:00,+,-,-,Reinvestor
GRASIM,2017-03-01 00:00:00,+,-,-,Reinvestor
GRASIM,2018-03-01 00:00:00,-,+,+,Distress Signal
GRASIM,2019-03-01 00:00:00,-,-,+,Growth Funded by Debt
GRASIM,2020-03-01 00:00:00,+,-,-,Reinvestor
GRASIM,2021-03-01 00:00:00,+,-,-,Reinvestor
GRASIM,2022-03-01 00:00:00,+,-,-,Reinvestor
GRASIM,2023-03-01 00:00:00,-,-,+,Growth Funded by Debt
GRASIM,2024-03-01 00:00:00,-,-,+,Growth Funded by Debt
HAL,2017-03-01 00:00:00,-,+,-,Unknown
HAL,2018-03-01 00:00:00,-,+,-,Unknown
HAL,2019-03-01 00:00:00,-,+,+,Distress Signal
HAL,2020-03-01 00:00:00,+,-,+,Mixed
HAL,2021-03-01 00:00:00,+,-,-,Reinvestor
HAL,2022-03-01 00:00:00,+,-,-,Reinvestor
HAL,2023-03-01 00:00:00,+,-,-,Reinvestor
HAL,2024-03-01 00:00:00,+,-,-,Reinvestor
HAVELLS,2013-03-01 00:00:00,+,-,-,Reinvestor
HAVELLS,2014-03-01 00:00:00,+,-,-,Reinvestor
HAVELLS,2015-03-01 00:00:00,+,-,-,Reinvestor
HAVELLS,2016-03-01 00:00:00,+,-,-,Reinvestor
HAVELLS,2017-03-01 00:00:00,+,-,-,Reinvestor
HAVELLS,2018-03-01 00:00:00,+,-,-,Reinvestor
HAVELLS,2019-03-01 00:00:00,+,+,-,Liquidating Assets
HAVELLS,2020-03-01 00:00:00,+,-,-,Reinvestor
HAVELLS,2021-03-01 00:00:00,+,-,+,Mixed
HAVELLS,2022-03-01 00:00:00,+,-,-,Reinvestor
HAVELLS,2023-03-01 00:00:00,+,+,-,Liquidating Assets
HAVELLS,2024-03-01 00:00:00,+,-,-,Reinvestor
HCLTECH,2013-06-01 00:00:00,+,-,-,Reinvestor
HCLTECH,2014-06-01 00:00:00,+,-,-,Reinvestor
HCLTECH,2015-06-01 00:00:00,+,-,-,Reinvestor
HCLTECH,2016-03-01 00:00:00,+,-,-,Reinvestor
HCLTECH,2017-03-01 00:00:00,+,-,-,Reinvestor
HCLTECH,2018-03-01 00:00:00,+,-,-,Reinvestor
HCLTECH,2019-03-01 00:00:00,+,-,-,Reinvestor
HCLTECH,2020-03-01 00:00:00,+,-,-,Reinvestor
HCLTECH,2021-03-01 00:00:00,+,-,-,Reinvestor
HCLTECH,2022-03-01 00:00:00,+,+,-,Liquidating Assets
HCLTECH,2023-03-01 00:00:00,+,-,-,Reinvestor
HCLTECH,2024-03-01 00:00:00,+,-,-,Reinvestor
HDFCBANK,2013-03-01 00:00:00,-,-,+,Growth Funded by Debt
HDFCBANK,2014-03-01 00:00:00,+,-,+,Mixed
HDFCBANK,2015-03-01 00:00:00,-,-,+,Growth Funded by Debt
HDFCBANK,2016-03-01 00:00:00,-,-,+,Growth Funded by Debt
HDFCBANK,2017-03-01 00:00:00,+,-,-,Reinvestor
HDFCBANK,2018-03-01 00:00:00,+,-,+,Mixed
HDFCBANK,2019-03-01 00:00:00,-,-,+,Growth Funded by Debt
HDFCBANK,2020-03-01 00:00:00,-,-,+,Growth Funded by Debt
HDFCBANK,2021-03-01 00:00:00,+,-,-,Reinvestor
HDFCBANK,2022-03-01 00:00:00,-,-,+,Growth Funded by Debt
HDFCBANK,2023-03-01 00:00:00,+,-,+,Mixed
HDFCBANK,2024-03-01 00:00:00,+,+,-,Liquidating Assets
HDFCLIFE,2013-03-01 00:00:00,-,-,-,Pre-Revenue
HDFCLIFE,2014-03-01 00:00:00,-,-,-,Pre-Revenue
HDFCLIFE,2015-03-01 00:00:00,+,-,-,Reinvestor
HDFCLIFE,2016-03-01 00:00:00,+,-,-,Reinvestor
HDFCLIFE,2017-03-01 00:00:00,+,-,-,Reinvestor
HDFCLIFE,2018-03-01 00:00:00,+,-,-,Reinvestor
HDFCLIFE,2019-03-01 00:00:00,+,-,-,Reinvestor
HDFCLIFE,2020-03-01 00:00:00,+,-,+,Mixed
HDFCLIFE,2021-03-01 00:00:00,+,-,+,Mixed
HDFCLIFE,2022-03-01 00:00:00,+,-,-,Reinvestor
HDFCLIFE,2023-03-01 00:00:00,+,-,+,Mixed
HDFCLIFE,2024-03-01 00:00:00,+,-,-,Reinvestor
HEROMOTOCO,2014-03-01 00:00:00,+,-,-,Reinvestor
HEROMOTOCO,2015-03-01 00:00:00,+,+,-,Liquidating Assets
HEROMOTOCO,2016-03-01 00:00:00,+,-,-,Reinvestor
HEROMOTOCO,2017-03-01 00:00:00,+,-,-,Reinvestor
HEROMOTOCO,2018-03-01 00:00:00,+,-,-,Reinvestor
HEROMOTOCO,2019-03-01 00:00:00,+,+,-,Liquidating Assets
HEROMOTOCO,2020-03-01 00:00:00,+,-,-,Reinvestor
HEROMOTOCO,2021-03-01 00:00:00,+,-,-,Reinvestor
HEROMOTOCO,2022-03-01 00:00:00,+,-,-,Reinvestor
HEROMOTOCO,2023-03-01 00:00:00,+,-,-,Reinvestor
HEROMOTOCO,2024-03-01 00:00:00,+,-,-,Reinvestor
HINDALCO,2013-03-01 00:00:00,+,-,+,Mixed
HINDALCO,2014-03-01 00:00:00,+,-,+,Mixed
HINDALCO,2015-03-01 00:00:00,+,-,-,Reinvestor
HINDALCO,2016-03-01 00:00:00,+,-,-,Reinvestor
HINDALCO,2017-03-01 00:00:00,+,-,-,Reinvestor
HINDALCO,2018-03-01 00:00:00,+,+,-,Liquidating Assets
HINDALCO,2019-03-01 00:00:00,+,-,-,Reinvestor
HINDALCO,2020-03-01 00:00:00,+,-,+,Mixed
HINDALCO,2021-03-01 00:00:00,+,-,-,Reinvestor
HINDALCO,2022-03-01 00:00:00,+,-,-,Reinvestor
HINDALCO,2023-03-01 00:00:00,+,-,-,Reinvestor
HINDALCO,2024-03-01 00:00:00,+,-,-,Reinvestor
HINDUNILVR,2013-03-01 00:00:00,+,+,-,Liquidating Assets
HINDUNILVR,2014-03-01 00:00:00,+,-,-,Reinvestor
HINDUNILVR,2015-03-01 00:00:00,+,+,-,Liquidating Assets
HINDUNILVR,2016-03-01 00:00:00,+,-,-,Reinvestor
HINDUNILVR,2017-03-01 00:00:00,+,-,-,Reinvestor
HINDUNILVR,2018-03-01 00:00:00,+,-,-,Reinvestor
HINDUNILVR,2019-03-01 00:00:00,+,-,-,Reinvestor
HINDUNILVR,2020-03-01 00:00:00,+,+,-,Liquidating Assets
HINDUNILVR,2021-03-01 00:00:00,+,-,-,Reinvestor
HINDUNILVR,2022-03-01 00:00:00,+,-,-,Reinvestor
HINDUNILVR,2023-03-01 00:00:00,+,-,-,Reinvestor
HINDUNILVR,2024-03-01 00:00:00,+,-,-,Reinvestor
ICICIBANK,2013-03-01 00:00:00,+,-,+,Mixed
ICICIBANK,2014-03-01 00:00:00,+,-,+,Mixed
ICICIBANK,2015-03-01 00:00:00,-,-,+,Growth Funded by Debt
ICICIBANK,2016-03-01 00:00:00,+,-,+,Mixed
ICICIBANK,2017-03-01 00:00:00,+,-,-,Reinvestor
ICICIBANK,2018-03-01 00:00:00,+,-,+,Mixed
ICICIBANK,2019-03-01 00:00:00,+,-,-,Reinvestor
ICICIBANK,2020-03-01 00:00:00,+,-,+,Mixed
ICICIBANK,2021-03-01 00:00:00,+,-,-,Reinvestor
ICICIBANK,2022-03-01 00:00:00,+,-,+,Mixed
ICICIBANK,2023-03-01 00:00:00,-,-,+,Growth Funded by Debt
ICICIBANK,2024-03-01 00:00:00,+,-,+,Mixed
ICICIGI,2013-03-01 00:00:00,+,-,+,Mixed
ICICIGI,2014-03-01 00:00:00,+,-,+,Mixed
ICICIGI,2015-03-01 00:00:00,-,+,-,Unknown
ICICIGI,2016-03-01 00:00:00,+,-,-,Reinvestor
ICICIGI,2017-03-01 00:00:00,+,-,+,Mixed
ICICIGI,2018-03-01 00:00:00,+,-,-,Reinvestor
ICICIGI,2019-03-01 00:00:00,+,-,-,Reinvestor
ICICIGI,2020-03-01 00:00:00,+,-,-,Reinvestor
ICICIGI,2021-03-01 00:00:00,+,-,-,Reinvestor
ICICIGI,2022-03-01 00:00:00,+,+,-,Liquidating Assets
ICICIGI,2023-03-01 00:00:00,+,-,-,Reinvestor
ICICIGI,2024-03-01 00:00:00,+,-,-,Reinvestor
ICICIPRULI,2013-03-01 00:00:00,-,+,-,Unknown
ICICIPRULI,2014-03-01 00:00:00,-,+,-,Unknown
ICICIPRULI,2015-03-01 00:00:00,+,-,-,Reinvestor
ICICIPRULI,2016-03-01 00:00:00,+,+,-,Liquidating Assets
ICICIPRULI,2017-03-01 00:00:00,+,-,-,Reinvestor
ICICIPRULI,2018-03-01 00:00:00,+,-,-,Reinvestor
ICICIPRULI,2019-03-01 00:00:00,+,-,-,Reinvestor
ICICIPRULI,2020-03-01 00:00:00,+,-,-,Reinvestor
ICICIPRULI,2021-03-01 00:00:00,+,-,+,Mixed
ICICIPRULI,2022-03-01 00:00:00,+,-,-,Reinvestor
ICICIPRULI,2023-03-01 00:00:00,+,-,-,Reinvestor
ICICIPRULI,2024-03-01 00:00:00,-,+,-,Unknown
INDIGO,2013-03-01 00:00:00,+,-,+,Mixed
INDIGO,2014-03-01 00:00:00,+,-,+,Mixed
INDIGO,2015-03-01 00:00:00,+,-,-,Reinvestor
INDIGO,2016-03-01 00:00:00,+,-,-,Reinvestor
INDIGO,2017-03-01 00:00:00,+,-,-,Reinvestor
INDIGO,2018-03-01 00:00:00,+,-,+,Mixed
INDIGO,2019-03-01 00:00:00,+,-,-,Reinvestor
INDIGO,2020-03-01 00:00:00,+,-,-,Reinvestor
INDIGO,2021-03-01 00:00:00,-,+,-,Unknown
INDIGO,2022-03-01 00:00:00,+,+,-,Liquidating Assets
INDIGO,2023-03-01 00:00:00,+,-,-,Reinvestor
INDIGO,2024-03-01 00:00:00,+,-,-,Reinvestor
INDUSINDBK,2013-03-01 00:00:00,-,-,+,Growth Funded by Debt
INDUSINDBK,2014-03-01 00:00:00,-,-,+,Growth Funded by Debt
INDUSINDBK,2015-03-01 00:00:00,-,-,+,Growth Funded by Debt
INDUSINDBK,2016-03-01 00:00:00,-,-,+,Growth Funded by Debt
INDUSINDBK,2017-03-01 00:00:00,+,-,-,Reinvestor
INDUSINDBK,2018-03-01 00:00:00,-,-,+,Growth Funded by Debt
INDUSINDBK,2019-03-01 00:00:00,-,-,+,Growth Funded by Debt
INDUSINDBK,2020-03-01 00:00:00,-,+,+,Distress Signal
INDUSINDBK,2021-03-01 00:00:00,+,-,-,Reinvestor
INDUSINDBK,2022-03-01 00:00:00,+,-,-,Reinvestor
INDUSINDBK,2023-03-01 00:00:00,-,-,+,Growth Funded by Debt
INDUSINDBK,2024-03-01 00:00:00,-,-,-,Pre-Revenue
INFY,2013-03-01 00:00:00,+,-,-,Reinvestor
INFY,2014-03-01 00:00:00,+,-,-,Reinvestor
INFY,2015-03-01 00:00:00,+,+,-,Liquidating Assets
INFY,2016-03-01 00:00:00,+,-,-,Reinvestor
INFY,2017-03-01 00:00:00,+,-,-,Reinvestor
INFY,2018-03-01 00:00:00,+,+,-,Liquidating Assets
INFY,2019-03-01 00:00:00,+,-,-,Reinvestor
INFY,2020-03-01 00:00:00,+,-,-,Reinvestor
INFY,2021-03-01 00:00:00,+,-,-,Reinvestor
INFY,2022-03-01 00:00:00,+,-,-,Reinvestor
INFY,2023-03-01 00:00:00,+,-,-,Reinvestor
INFY,2024-03-01 00:00:00,+,-,-,Reinvestor
IOC,2013-03-01 00:00:00,+,-,+,Mixed
IOC,2014-03-01 00:00:00,+,-,-,Reinvestor
IOC,2015-03-01 00:00:00,+,-,-,Reinvestor
IOC,2016-03-01 00:00:00,+,-,-,Reinvestor
IOC,2017-03-01 00:00:00,+,-,-,Reinvestor
IOC,2018-03-01 00:00:00,+,-,-,Reinvestor
IOC,2019-03-01 00:00:00,+,-,+,Mixed
IOC,2020-03-01 00:00:00,+,-,+,Mixed
IOC,2021-03-01 00:00:00,+,-,-,Reinvestor
IOC,2022-03-01 00:00:00,+,-,-,Reinvestor
IOC,2023-03-01 00:00:00,+,-,-,Reinvestor
IOC,2024-03-01 00:00:00,+,-,-,Reinvestor
IRCTC,2015-03-01 00:00:00,+,-,-,Reinvestor
IRCTC,2016-03-01 00:00:00,+,+,-,Liquidating Assets
IRCTC,2017-03-01 00:00:00,+,+,-,Liquidating Assets
IRCTC,2018-03-01 00:00:00,+,+,-,Liquidating Assets
IRCTC,2019-03-01 00:00:00,+,-,-,Reinvestor
IRCTC,2020-03-01 00:00:00,+,+,-,Liquidating Assets
IRCTC,2021-03-01 00:00:00,+,-,-,Reinvestor
IRCTC,2022-03-01 00:00:00,+,-,-,Reinvestor
IRCTC,2023-03-01 00:00:00,+,-,-,Reinvestor
IRCTC,2024-03-01 00:00:00,+,-,-,Reinvestor
IRFC,2016-03-01 00:00:00,-,+,+,Distress Signal
IRFC,2017-03-01 00:00:00,-,+,+,Distress Signal
IRFC,2018-03-01 00:00:00,-,+,+,Distress Signal
IRFC,2019-03-01 00:00:00,-,+,+,Distress Signal
IRFC,2020-03-01 00:00:00,-,+,+,Distress Signal
IRFC,2021-03-01 00:00:00,-,+,+,Distress Signal
IRFC,2022-03-01 00:00:00,-,-,+,Growth Funded by Debt
IRFC,2023-03-01 00:00:00,-,+,+,Distress Signal
IRFC,2024-03-01 00:00:00,+,-,-,Reinvestor
ITC,2013-03-01 00:00:00,+,-,-,Reinvestor
ITC,2014-03-01 00:00:00,+,-,-,Reinvestor
ITC,2015-03-01 00:00:00,+,-,-,Reinvestor
ITC,2016-03-01 00:00:00,+,-,-,Reinvestor
ITC,2017-03-01 00:00:00,+,-,-,Reinvestor
ITC,2018-03-01 00:00:00,+,-,-,Reinvestor
ITC,2019-03-01 00:00:00,+,-,-,Reinvestor
ITC,2020-03-01 00:00:00,+,-,-,Reinvestor
ITC,2021-03-01 00:00:00,+,+,-,Liquidating Assets
ITC,2022-03-01 00:00:00,+,-,-,Reinvestor
ITC,2023-03-01 00:00:00,+,-,-,Reinvestor
ITC,2024-03-01 00:00:00,+,+,-,Liquidating Assets
JINDALSTEL,2013-03-01 00:00:00,+,-,+,Mixed
JINDALSTEL,2014-03-01 00:00:00,+,-,+,Mixed
JINDALSTEL,2015-03-01 00:00:00,+,-,+,Mixed
JINDALSTEL,2016-03-01 00:00:00,+,-,-,Reinvestor
JINDALSTEL,2017-03-01 00:00:00,+,-,-,Reinvestor
JINDALSTEL,2018-03-01 00:00:00,+,-,-,Reinvestor
JINDALSTEL,2019-03-01 00:00:00,+,-,-,Reinvestor
JINDALSTEL,2020-03-01 00:00:00,+,-,-,Reinvestor
JINDALSTEL,2021-03-01 00:00:00,+,-,-,Reinvestor
JINDALSTEL,2022-03-01 00:00:00,+,-,-,Reinvestor
JINDALSTEL,2023-03-01 00:00:00,+,-,-,Reinvestor
JINDALSTEL,2024-03-01 00:00:00,+,-,+,Mixed
JIOFIN,2023-03-01 00:00:00,+,-,-,Reinvestor
JIOFIN,2024-03-01 00:00:00,-,+,-,Unknown
JSWENERGY,2013-03-01 00:00:00,+,-,-,Reinvestor
JSWENERGY,2014-03-01 00:00:00,+,-,-,Reinvestor
JSWENERGY,2015-03-01 00:00:00,+,-,-,Reinvestor
JSWENERGY,2016-03-01 00:00:00,+,-,-,Reinvestor
JSWENERGY,2017-03-01 00:00:00,+,-,-,Reinvestor
JSWENERGY,2018-03-01 00:00:00,+,-,-,Reinvestor
JSWENERGY,2019-03-01 00:00:00,+,-,-,Reinvestor
JSWENERGY,2020-03-01 00:00:00,+,+,-,Liquidating Assets
JSWENERGY,2021-03-01 00:00:00,+,-,-,Reinvestor
JSWENERGY,2022-03-01 00:00:00,+,-,-,Reinvestor
JSWENERGY,2023-03-01 00:00:00,+,-,+,Mixed
JSWENERGY,2024-03-01 00:00:00,+,-,+,Mixed
JSWSTEEL,2013-03-01 00:00:00,+,-,-,Reinvestor
JSWSTEEL,2014-03-01 00:00:00,+,-,+,Mixed
JSWSTEEL,2015-03-01 00:00:00,+,-,-,Reinvestor
JSWSTEEL,2016-03-01 00:00:00,+,-,-,Reinvestor
JSWSTEEL,2017-03-01 00:00:00,+,-,-,Reinvestor
JSWSTEEL,2018-03-01 00:00:00,+,-,-,Reinvestor
JSWSTEEL,2019-03-01 00:00:00,+,-,+,Mixed
JSWSTEEL,2020-03-01 00:00:00,+,-,+,Mixed
JSWSTEEL,2021-03-01 00:00:00,+,-,-,Reinvestor
JSWSTEEL,2022-03-01 00:00:00,+,-,-,Reinvestor
JSWSTEEL,2023-03-01 00:00:00,+,-,-,Reinvestor
JSWSTEEL,2024-03-01 00:00:00,+,-,-,Reinvestor
KOTAKBANK,2013-03-01 00:00:00,+,-,+,Mixed
KOTAKBANK,2014-03-01 00:00:00,+,-,-,Reinvestor
KOTAKBANK,2015-03-01 00:00:00,+,-,+,Mixed
KOTAKBANK,2016-03-01 00:00:00,+,-,+,Mixed
KOTAKBANK,2017-03-01 00:00:00,+,-,+,Mixed
KOTAKBANK,2018-03-01 00:00:00,-,-,+,Growth Funded by Debt
KOTAKBANK,2019-03-01 00:00:00,+,-,+,Mixed
KOTAKBANK,2020-03-01 00:00:00,+,-,-,Reinvestor
KOTAKBANK,2021-03-01 00:00:00,+,-,-,Reinvestor
KOTAKBANK,2022-03-01 00:00:00,+,-,+,Mixed
KOTAKBANK,2023-03-01 00:00:00,-,-,+,Growth Funded by Debt
KOTAKBANK,2024-03-01 00:00:00,+,-,+,Mixed
LICI,2019-03-01 00:00:00,+,+,-,Liquidating Assets
LICI,2020-03-01 00:00:00,+,-,-,Reinvestor
LICI,2021-03-01 00:00:00,+,+,-,Liquidating Assets
LICI,2022-03-01 00:00:00,-,+,+,Distress Signal
LICI,2023-03-01 00:00:00,+,-,-,Reinvestor
LICI,2024-03-01 00:00:00,+,-,-,Reinvestor
LODHA,2016-03-01 00:00:00,+,-,+,Mixed
LODHA,2017-03-01 00:00:00,+,-,-,Reinvestor
LODHA,2018-03-01 00:00:00,+,-,+,Mixed
LODHA,2019-03-01 00:00:00,-,-,+,Growth Funded by Debt
LODHA,2020-03-01 00:00:00,+,+,-,Liquidating Assets
LODHA,2021-03-01 00:00:00,+,+,-,Liquidating Assets
LODHA,2022-03-01 00:00:00,+,+,-,Liquidating Assets
LODHA,2023-03-01 00:00:00,+,+,-,Liquidating Assets
LODHA,2024-03-01 00:00:00,+,-,+,Mixed
LT,2013-03-01 00:00:00,-,-,+,Growth Funded by Debt
LT,2014-03-01 00:00:00,-,-,+,Growth Funded by Debt
LT,2015-03-01 00:00:00,-,-,+,Growth Funded by Debt
LT,2016-03-01 00:00:00,-,-,+,Growth Funded by Debt
LT,2017-03-01 00:00:00,+,-,+,Mixed
LT,2018-03-01 00:00:00,-,+,+,Distress Signal
LT,2019-03-01 00:00:00,-,-,+,Growth Funded by Debt
LT,2020-03-01 00:00:00,+,-,+,Mixed
LT,2021-03-01 00:00:00,+,-,-,Reinvestor
LT,2022-03-01 00:00:00,+,-,-,Reinvestor
LT,2023-03-01 00:00:00,+,-,-,Reinvestor
LT,2024-03-01 00:00:00,+,+,-,Liquidating Assets
LTIM,2013-03-01 00:00:00,+,-,-,Reinvestor
LTIM,2014-03-01 00:00:00,+,+,-,Liquidating Assets
LTIM,2015-03-01 00:00:00,+,-,-,Reinvestor
LTIM,2016-03-01 00:00:00,+,-,-,Reinvestor
LTIM,2017-03-01 00:00:00,+,-,-,Reinvestor
LTIM,2018-03-01 00:00:00,+,-,-,Reinvestor
LTIM,2019-03-01 00:00:00,+,-,-,Reinvestor
LTIM,2020-03-01 00:00:00,+,-,-,Reinvestor
LTIM,2021-03-01 00:00:00,+,-,-,Reinvestor
LTIM,2022-03-01 00:00:00,+,-,-,Reinvestor
LTIM,2023-03-01 00:00:00,+,-,-,Reinvestor
LTIM,2024-03-01 00:00:00,+,-,-,Reinvestor
M&M,2013-03-01 00:00:00,-,-,+,Growth Funded by Debt
M&M,2014-03-01 00:00:00,-,-,+,Growth Funded by Debt
M&M,2015-03-01 00:00:00,+,-,+,Mixed
M&M,2016-03-01 00:00:00,+,-,+,Mixed
M&M,2017-03-01 00:00:00,+,-,+,Mixed
M&M,2018-03-01 00:00:00,+,-,+,Mixed
M&M,2019-03-01 00:00:00,-,-,+,Growth Funded by Debt
M&M,2020-03-01 00:00:00,-,-,+,Growth Funded by Debt
M&M,2021-03-01 00:00:00,+,-,+,Mixed
M&M,2022-03-01 00:00:00,+,-,-,Reinvestor
M&M,2023-03-01 00:00:00,-,-,+,Growth Funded by Debt
M&M,2024-03-01 00:00:00,-,-,+,Growth Funded by Debt
MARUTI,2013-03-01 00:00:00,+,-,-,Reinvestor
MARUTI,2014-03-01 00:00:00,+,-,-,Reinvestor
MARUTI,2015-03-01 00:00:00,+,-,-,Reinvestor
MARUTI,2016-03-01 00:00:00,+,-,-,Reinvestor
MARUTI,2017-03-01 00:00:00,+,-,-,Reinvestor
MARUTI,2018-03-01 00:00:00,+,-,-,Reinvestor
MARUTI,2019-03-01 00:00:00,+,-,-,Reinvestor
MARUTI,2020-03-01 00:00:00,+,-,-,Reinvestor
MARUTI,2021-03-01 00:00:00,+,-,-,Reinvestor
MARUTI,2022-03-01 00:00:00,+,-,-,Reinvestor
MARUTI,2023-03-01 00:00:00,+,-,-,Reinvestor
MARUTI,2024-03-01 00:00:00,+,-,-,Reinvestor
MOTHERSON,2013-03-01 00:00:00,+,-,-,Reinvestor
MOTHERSON,2014-03-01 00:00:00,+,-,-,Reinvestor
MOTHERSON,2015-03-01 00:00:00,+,-,+,Mixed
MOTHERSON,2016-03-01 00:00:00,+,-,-,Reinvestor
MOTHERSON,2017-03-01 00:00:00,+,-,+,Mixed
MOTHERSON,2018-03-01 00:00:00,+,-,-,Reinvestor
MOTHERSON,2019-03-01 00:00:00,+,-,-,Reinvestor
MOTHERSON,2020-03-01 00:00:00,+,-,-,Reinvestor
MOTHERSON,2021-03-01 00:00:00,+,-,-,Reinvestor
MOTHERSON,2022-03-01 00:00:00,+,-,-,Reinvestor
MOTHERSON,2023-03-01 00:00:00,+,-,-,Reinvestor
MOTHERSON,2024-03-01 00:00:00,+,-,+,Mixed
NAUKRI,2013-03-01 00:00:00,+,-,-,Reinvestor
NAUKRI,2014-03-01 00:00:00,+,-,+,Mixed
NAUKRI,2015-03-01 00:00:00,+,-,+,Mixed
NAUKRI,2016-03-01 00:00:00,+,-,-,Reinvestor
NAUKRI,2017-03-01 00:00:00,+,-,-,Reinvestor
NAUKRI,2018-03-01 00:00:00,+,-,-,Reinvestor
NAUKRI,2019-03-01 00:00:00,+,-,-,Reinvestor
NAUKRI,2020-03-01 00:00:00,+,+,-,Liquidating Assets
NAUKRI,2021-03-01 00:00:00,+,-,+,Mixed
NAUKRI,2022-03-01 00:00:00,+,-,+,Mixed
NAUKRI,2023-03-01 00:00:00,+,-,+,Mixed
NAUKRI,2024-03-01 00:00:00,+,-,+,Mixed
NESTLEIND,2013-12-01 00:00:00,+,-,-,Reinvestor
NESTLEIND,2014-12-01 00:00:00,+,-,-,Reinvestor
NESTLEIND,2015-12-01 00:00:00,+,-,-,Reinvestor
NESTLEIND,2016-12-01 00:00:00,+,-,-,Reinvestor
NESTLEIND,2017-12-01 00:00:00,+,-,-,Reinvestor
NESTLEIND,2018-12-01 00:00:00,+,-,-,Reinvestor
NESTLEIND,2019-12-01 00:00:00,+,+,-,Liquidating Assets
NESTLEIND,2020-12-01 00:00:00,+,-,-,Reinvestor
NESTLEIND,2021-12-01 00:00:00,+,-,-,Reinvestor
NESTLEIND,2022-12-01 00:00:00,+,-,-,Reinvestor
NESTLEIND,2023-12-01 00:00:00,+,-,-,Reinvestor
NESTLEIND,2024-03-01 00:00:00,+,-,-,Reinvestor
NHPC,2013-03-01 00:00:00,+,-,-,Reinvestor
NHPC,2014-03-01 00:00:00,+,-,-,Reinvestor
NHPC,2015-03-01 00:00:00,+,-,-,Reinvestor
NHPC,2016-03-01 00:00:00,+,-,-,Reinvestor
NHPC,2017-03-01 00:00:00,+,-,-,Reinvestor
NHPC,2018-03-01 00:00:00,+,-,-,Reinvestor
NHPC,2019-03-01 00:00:00,+,-,-,Reinvestor
NHPC,2020-03-01 00:00:00,+,-,+,Mixed
NHPC,2021-03-01 00:00:00,+,-,-,Reinvestor
NHPC,2022-03-01 00:00:00,+,-,-,Reinvestor
NHPC,2023-03-01 00:00:00,+,-,-,Reinvestor
NHPC,2024-03-01 00:00:00,+,-,-,Reinvestor
NTPC,2013-03-01 00:00:00,+,-,+,Mixed
NTPC,2014-03-01 00:00:00,+,-,-,Reinvestor
NTPC,2015-03-01 00:00:00,+,-,-,Reinvestor
NTPC,2016-03-01 00:00:00,+,-,-,Reinvestor
NTPC,2017-03-01 00:00:00,+,-,+,Mixed
NTPC,2018-03-01 00:00:00,+,-,+,Mixed
NTPC,2019-03-01 00:00:00,+,-,+,Mixed
NTPC,2020-03-01 00:00:00,+,-,+,Mixed
NTPC,2021-03-01 00:00:00,+,-,-,Reinvestor
NTPC,2022-03-01 00:00:00,+,-,-,Reinvestor
NTPC,2023-03-01 00:00:00,+,-,-,Reinvestor
NTPC,2024-03-01 00:00:00,+,-,-,Reinvestor
ONGC,2013-03-01 00:00:00,+,-,-,Reinvestor
ONGC,2014-03-01 00:00:00,+,-,+,Mixed
ONGC,2015-03-01 00:00:00,+,-,-,Reinvestor
ONGC,2016-03-01 00:00:00,+,-,-,Reinvestor
ONGC,2017-03-01 00:00:00,+,-,-,Reinvestor
ONGC,2018-03-01 00:00:00,+,-,+,Mixed
ONGC,2019-03-01 00:00:00,+,-,-,Reinvestor
ONGC,2020-03-01 00:00:00,+,-,-,Reinvestor
ONGC,2021-03-01 00:00:00,+,-,-,Reinvestor
ONGC,2022-03-01 00:00:00,+,-,-,Reinvestor
ONGC,2023-03-01 00:00:00,+,-,-,Reinvestor
ONGC,2024-03-01 00:00:00,+,-,-,Reinvestor
PFC,2013-03-01 00:00:00,-,+,+,Distress Signal
PFC,2014-03-01 00:00:00,-,+,+,Distress Signal
PFC,2015-03-01 00:00:00,-,-,+,Growth Funded by Debt
PFC,2016-03-01 00:00:00,-,-,+,Growth Funded by Debt
PFC,2017-03-01 00:00:00,+,-,+,Mixed
PFC,2018-03-01 00:00:00,-,+,+,Distress Signal
PFC,2019-03-01 00:00:00,-,-,+,Growth Funded by Debt
PFC,2020-03-01 00:00:00,-,-,+,Growth Funded by Debt
PFC,2021-03-01 00:00:00,-,+,+,Distress Signal
PFC,2022-03-01 00:00:00,+,-,-,Reinvestor
PFC,2023-03-01 00:00:00,-,-,+,Growth Funded by Debt
PFC,2024-03-01 00:00:00,-,-,+,Growth Funded by Debt
PIDILITIND,2013-03-01 00:00:00,+,-,-,Reinvestor
PIDILITIND,2014-03-01 00:00:00,+,-,-,Reinvestor
PIDILITIND,2015-03-01 00:00:00,+,-,-,Reinvestor
PIDILITIND,2016-03-01 00:00:00,+,-,-,Reinvestor
PIDILITIND,2017-03-01 00:00:00,+,-,+,Mixed
PIDILITIND,2018-03-01 00:00:00,+,+,-,Liquidating Assets
PIDILITIND,2019-03-01 00:00:00,+,-,-,Reinvestor
PIDILITIND,2020-03-01 00:00:00,+,+,-,Liquidating Assets
PIDILITIND,2021-03-01 00:00:00,+,-,-,Reinvestor
PIDILITIND,2022-03-01 00:00:00,+,-,-,Reinvestor
PIDILITIND,2023-03-01 00:00:00,+,-,-,Reinvestor
PIDILITIND,2024-03-01 00:00:00,+,-,-,Reinvestor
PNB,2013-03-01 00:00:00,-,-,-,Pre-Revenue
PNB,2014-03-01 00:00:00,+,-,+,Mixed
PNB,2015-03-01 00:00:00,+,-,+,Mixed
PNB,2016-03-01 00:00:00,+,-,+,Mixed
PNB,2017-03-01 00:00:00,+,+,-,Liquidating Assets
PNB,2018-03-01 00:00:00,-,+,+,Distress Signal
PNB,2019-03-01 00:00:00,-,-,+,Growth Funded by Debt
PNB,2020-03-01 00:00:00,-,-,+,Growth Funded by Debt
PNB,2021-03-01 00:00:00,+,-,+,Mixed
PNB,2022-03-01 00:00:00,+,-,+,Mixed
PNB,2023-03-01 00:00:00,+,-,+,Mixed
PNB,2024-03-01 00:00:00,-,-,+,Growth Funded by Debt
POWERGRID,2013-03-01 00:00:00,+,-,+,Mixed
POWERGRID,2014-03-01 00:00:00,+,-,+,Mixed
POWERGRID,2015-03-01 00:00:00,+,-,+,Mixed
POWERGRID,2016-03-01 00:00:00,+,-,+,Mixed
POWERGRID,2017-03-01 00:00:00,+,-,+,Mixed
POWERGRID,2018-03-01 00:00:00,+,-,+,Mixed
POWERGRID,2019-03-01 00:00:00,+,-,-,Reinvestor
POWERGRID,2020-03-01 00:00:00,+,-,-,Reinvestor
POWERGRID,2021-03-01 00:00:00,+,-,-,Reinvestor
POWERGRID,2022-03-01 00:00:00,+,+,-,Liquidating Assets
POWERGRID,2023-03-01 00:00:00,+,-,-,Reinvestor
POWERGRID,2024-03-01 00:00:00,+,-,-,Reinvestor
RECLTD,2013-03-01 00:00:00,-,+,+,Distress Signal
RECLTD,2014-03-01 00:00:00,-,+,+,Distress Signal
RECLTD,2015-03-01 00:00:00,-,+,+,Distress Signal
RECLTD,2016-03-01 00:00:00,-,-,+,Growth Funded by Debt
RECLTD,2017-03-01 00:00:00,+,-,-,Reinvestor
RECLTD,2018-03-01 00:00:00,-,+,+,Distress Signal
RECLTD,2019-03-01 00:00:00,-,+,+,Distress Signal
RECLTD,2020-03-01 00:00:00,-,+,+,Distress Signal
RECLTD,2021-03-01 00:00:00,-,+,+,Distress Signal
RECLTD,2022-03-01 00:00:00,-,-,+,Growth Funded by Debt
RECLTD,2023-03-01 00:00:00,-,-,+,Growth Funded by Debt
RECLTD,2024-03-01 00:00:00,-,-,+,Growth Funded by Debt
RELIANCE,2013-03-01 00:00:00,+,-,+,Mixed
RELIANCE,2014-03-01 00:00:00,+,-,+,Mixed
RELIANCE,2015-03-01 00:00:00,+,-,+,Mixed
RELIANCE,2016-03-01 00:00:00,+,-,-,Reinvestor
RELIANCE,2017-03-01 00:00:00,+,-,+,Mixed
RELIANCE,2018-03-01 00:00:00,+,-,-,Reinvestor
RELIANCE,2019-03-01 00:00:00,+,-,+,Mixed
RELIANCE,2020-03-01 00:00:00,+,-,-,Reinvestor
RELIANCE,2021-03-01 00:00:00,+,-,+,Mixed
RELIANCE,2022-03-01 00:00:00,+,-,+,Mixed
RELIANCE,2023-03-01 00:00:00,+,-,+,Mixed
RELIANCE,2024-03-01 00:00:00,+,-,-,Reinvestor
SBILIFE,2013-03-01 00:00:00,+,-,-,Reinvestor
SBILIFE,2014-03-01 00:00:00,+,-,-,Reinvestor
SBILIFE,2015-03-01 00:00:00,+,-,-,Reinvestor
SBILIFE,2016-03-01 00:00:00,+,-,-,Reinvestor
SBILIFE,2017-03-01 00:00:00,+,-,-,Reinvestor
SBILIFE,2018-03-01 00:00:00,+,-,-,Reinvestor
SBILIFE,2019-03-01 00:00:00,+,-,-,Reinvestor
SBILIFE,2020-03-01 00:00:00,+,-,-,Reinvestor
SBILIFE,2021-03-01 00:00:00,+,-,+,Mixed
SBILIFE,2022-03-01 00:00:00,+,-,-,Reinvestor
SBILIFE,2023-03-01 00:00:00,+,-,-,Reinvestor
SBILIFE,2024-03-01 00:00:00,+,-,-,Reinvestor
SBIN,2013-03-01 00:00:00,+,-,-,Reinvestor
SBIN,2014-03-01 00:00:00,+,-,+,Mixed
SBIN,2015-03-01 00:00:00,+,-,-,Reinvestor
SBIN,2016-03-01 00:00:00,+,-,+,Mixed
SBIN,2017-03-01 00:00:00,+,-,-,Reinvestor
SBIN,2018-03-01 00:00:00,-,+,+,Distress Signal
SBIN,2019-03-01 00:00:00,+,+,+,Cash Accumulator
SBIN,2020-03-01 00:00:00,+,-,+,Mixed
SBIN,2021-03-01 00:00:00,+,-,+,Mixed
SBIN,2022-03-01 00:00:00,+,-,-,Reinvestor
SBIN,2023-03-01 00:00:00,-,-,+,Growth Funded by Debt
SBIN,2024-03-01 00:00:00,+,-,-,Reinvestor
SHREECEM,2013-06-01 00:00:00,+,-,-,Reinvestor
SHREECEM,2014-06-01 00:00:00,+,-,-,Reinvestor
SHREECEM,2015-06-01 00:00:00,+,-,-,Reinvestor
SHREECEM,2016-03-01 00:00:00,+,-,-,Reinvestor
SHREECEM,2017-03-01 00:00:00,+,-,-,Reinvestor
SHREECEM,2018-03-01 00:00:00,+,-,+,Mixed
SHREECEM,2019-03-01 00:00:00,+,-,-,Reinvestor
SHREECEM,2020-03-01 00:00:00,+,-,+,Mixed
SHREECEM,2021-03-01 00:00:00,+,-,-,Reinvestor
SHREECEM,2022-03-01 00:00:00,+,-,-,Reinvestor
SHREECEM,2023-03-01 00:00:00,+,-,-,Reinvestor
SHREECEM,2024-03-01 00:00:00,+,-,-,Reinvestor
SHRIRAMFIN,2013-03-01 00:00:00,-,-,+,Growth Funded by Debt
SHRIRAMFIN,2014-03-01 00:00:00,-,-,+,Growth Funded by Debt
SHRIRAMFIN,2015-03-01 00:00:00,-,-,+,Growth Funded by Debt
SHRIRAMFIN,2016-03-01 00:00:00,-,-,+,Growth Funded by Debt
SHRIRAMFIN,2017-03-01 00:00:00,-,-,+,Growth Funded by Debt
SHRIRAMFIN,2018-03-01 00:00:00,-,+,+,Distress Signal
SHRIRAMFIN,2019-03-01 00:00:00,-,-,+,Growth Funded by Debt
SHRIRAMFIN,2020-03-01 00:00:00,-,-,+,Growth Funded by Debt
SHRIRAMFIN,2021-03-01 00:00:00,-,-,+,Growth Funded by Debt
SHRIRAMFIN,2022-03-01 00:00:00,-,-,+,Growth Funded by Debt
SHRIRAMFIN,2023-03-01 00:00:00,-,+,+,Distress Signal
SHRIRAMFIN,2024-03-01 00:00:00,-,-,+,Growth Funded by Debt
SIEMENS,2011-09-01 00:00:00,+,+,-,Liquidating Assets
SIEMENS,2014-09-01 00:00:00,+,+,-,Liquidating Assets
SIEMENS,2015-09-01 00:00:00,+,+,-,Liquidating Assets
SIEMENS,2016-09-01 00:00:00,+,+,-,Liquidating Assets
SIEMENS,2017-09-01 00:00:00,+,+,-,Liquidating Assets
SIEMENS,2018-09-01 00:00:00,+,-,-,Reinvestor
SIEMENS,2019-09-01 00:00:00,+,-,-,Reinvestor
SIEMENS,2020-09-01 00:00:00,+,+,-,Liquidating Assets
SIEMENS,2021-09-01 00:00:00,+,-,-,Reinvestor
SIEMENS,2022-09-01 00:00:00,+,-,-,Reinvestor
SIEMENS,2023-09-01 00:00:00,+,-,-,Reinvestor
SIEMENS,2024-09-01 00:00:00,+,-,-,Reinvestor
SUNPHARMA,2013-03-01 00:00:00,+,-,-,Reinvestor
SUNPHARMA,2014-03-01 00:00:00,+,-,+,Mixed
SUNPHARMA,2015-03-01 00:00:00,+,-,-,Reinvestor
SUNPHARMA,2016-03-01 00:00:00,+,-,-,Reinvestor
SUNPHARMA,2017-03-01 00:00:00,+,-,-,Reinvestor
SUNPHARMA,2018-03-01 00:00:00,+,-,-,Reinvestor
SUNPHARMA,2019-03-01 00:00:00,+,-,-,Reinvestor
SUNPHARMA,2020-03-01 00:00:00,+,-,-,Reinvestor
SUNPHARMA,2021-03-01 00:00:00,+,+,-,Liquidating Assets
SUNPHARMA,2022-03-01 00:00:00,+,-,-,Reinvestor
SUNPHARMA,2023-03-01 00:00:00,+,-,+,Mixed
SUNPHARMA,2024-03-01 00:00:00,+,-,-,Reinvestor
TATACONSUM,2013-03-01 00:00:00,+,+,+,Cash Accumulator
TATACONSUM,2014-03-01 00:00:00,+,-,-,Reinvestor
TATACONSUM,2015-03-01 00:00:00,+,-,-,Reinvestor
TATACONSUM,2016-03-01 00:00:00,+,+,-,Liquidating Assets
TATACONSUM,2017-03-01 00:00:00,+,+,-,Liquidating Assets
TATACONSUM,2018-03-01 00:00:00,+,-,-,Reinvestor
TATACONSUM,2019-03-01 00:00:00,+,+,-,Liquidating Assets
TATACONSUM,2020-03-01 00:00:00,+,-,-,Reinvestor
TATACONSUM,2021-03-01 00:00:00,+,-,-,Reinvestor
TATACONSUM,2022-03-01 00:00:00,+,-,-,Reinvestor
TATACONSUM,2023-03-01 00:00:00,+,-,-,Reinvestor
TATACONSUM,2024-03-01 00:00:00,+,-,+,Mixed
TATAMOTORS,2013-03-01 00:00:00,+,-,-,Reinvestor
TATAMOTORS,2014-03-01 00:00:00,+,-,-,Reinvestor
TATAMOTORS,2015-03-01 00:00:00,+,-,+,Mixed
TATAMOTORS,2016-03-01 00:00:00,+,-,-,Reinvestor
TATAMOTORS,2017-03-01 00:00:00,+,-,+,Mixed
TATAMOTORS,2018-03-01 00:00:00,+,-,+,Mixed
TATAMOTORS,2019-03-01 00:00:00,+,-,+,Mixed
TATAMOTORS,2020-03-01 00:00:00,+,-,+,Mixed
TATAMOTORS,2021-03-01 00:00:00,+,-,+,Mixed
TATAMOTORS,2022-03-01 00:00:00,+,-,-,Reinvestor
TATAMOTORS,2023-03-01 00:00:00,+,-,-,Reinvestor
TATAMOTORS,2024-03-01 00:00:00,+,-,-,Reinvestor
TATAPOWER,2013-03-01 00:00:00,+,-,-,Reinvestor
TATAPOWER,2014-03-01 00:00:00,+,-,-,Reinvestor
TATAPOWER,2015-03-01 00:00:00,+,-,-,Reinvestor
TATAPOWER,2016-03-01 00:00:00,+,-,-,Reinvestor
TATAPOWER,2017-03-01 00:00:00,+,-,+,Mixed
TATAPOWER,2018-03-01 00:00:00,+,-,-,Reinvestor
TATAPOWER,2019-03-01 00:00:00,+,-,-,Reinvestor
TATAPOWER,2020-03-01 00:00:00,+,-,-,Reinvestor
TATAPOWER,2021-03-01 00:00:00,+,+,-,Liquidating Assets
TATAPOWER,2022-03-01 00:00:00,+,-,-,Reinvestor
TATAPOWER,2023-03-01 00:00:00,+,-,+,Mixed
TATAPOWER,2024-03-01 00:00:00,+,-,-,Reinvestor
TATASTEEL,2013-03-01 00:00:00,+,-,-,Reinvestor
TATASTEEL,2014-03-01 00:00:00,+,-,+,Mixed
TATASTEEL,2015-03-01 00:00:00,+,-,-,Reinvestor
TATASTEEL,2016-03-01 00:00:00,+,-,-,Reinvestor
TATASTEEL,2017-03-01 00:00:00,+,-,-,Reinvestor
TATASTEEL,2018-03-01 00:00:00,+,-,+,Mixed
TATASTEEL,2019-03-01 00:00:00,+,-,-,Reinvestor
TATASTEEL,2020-03-01 00:00:00,+,-,-,Reinvestor
TATASTEEL,2021-03-01 00:00:00,+,-,-,Reinvestor
TATASTEEL,2022-03-01 00:00:00,+,-,-,Reinvestor
TATASTEEL,2023-03-01 00:00:00,+,-,-,Reinvestor
TATASTEEL,2024-03-01 00:00:00,+,-,-,Reinvestor
TCS,2013-03-01 00:00:00,+,-,-,Reinvestor
TCS,2014-03-01 00:00:00,+,-,-,Reinvestor
TCS,2015-03-01 00:00:00,+,-,-,Reinvestor
TCS,2016-03-01 00:00:00,+,-,-,Reinvestor
TCS,2017-03-01 00:00:00,+,-,-,Reinvestor
TCS,2018-03-01 00:00:00,+,+,-,Liquidating Assets
TCS,2019-03-01 00:00:00,+,+,-,Liquidating Assets
TCS,2020-03-01 00:00:00,+,+,-,Liquidating Assets
TCS,2021-03-01 00:00:00,+,-,-,Reinvestor
TCS,2022-03-01 00:00:00,+,-,-,Reinvestor
TCS,2023-03-01 00:00:00,+,+,-,Liquidating Assets
TCS,2024-03-01 00:00:00,+,+,-,Liquidating Assets
TECHM,2013-03-01 00:00:00,+,-,+,Mixed
TECHM,2014-03-01 00:00:00,+,+,-,Liquidating Assets
TECHM,2015-03-01 00:00:00,+,-,-,Reinvestor
TECHM,2016-03-01 00:00:00,+,-,-,Reinvestor
TECHM,2017-03-01 00:00:00,+,-,-,Reinvestor
TECHM,2018-03-01 00:00:00,+,-,-,Reinvestor
TECHM,2019-03-01 00:00:00,+,-,-,Reinvestor
TECHM,2020-03-01 00:00:00,+,+,-,Liquidating Assets
TECHM,2021-03-01 00:00:00,+,-,-,Reinvestor
TECHM,2022-03-01 00:00:00,+,+,-,Liquidating Assets
TECHM,2023-03-01 00:00:00,+,-,-,Reinvestor
TECHM,2024-03-01 00:00:00,+,-,-,Reinvestor
TITAN,2013-03-01 00:00:00,+,-,-,Reinvestor
TITAN,2014-03-01 00:00:00,-,-,+,Growth Funded by Debt
TITAN,2015-03-01 00:00:00,+,-,-,Reinvestor
TITAN,2016-03-01 00:00:00,+,-,-,Reinvestor
TITAN,2017-03-01 00:00:00,+,-,-,Reinvestor
TITAN,2018-03-01 00:00:00,-,+,-,Unknown
TITAN,2019-03-01 00:00:00,+,-,-,Reinvestor
TITAN,2020-03-01 00:00:00,-,+,-,Unknown
TITAN,2021-03-01 00:00:00,+,-,-,Reinvestor
TITAN,2022-03-01 00:00:00,-,+,-,Unknown
TITAN,2023-03-01 00:00:00,+,-,+,Mixed
TITAN,2024-03-01 00:00:00,+,-,-,Reinvestor
TORNTPHARM,2013-03-01 00:00:00,+,-,+,Mixed
TORNTPHARM,2014-03-01 00:00:00,+,-,+,Mixed
TORNTPHARM,2015-03-01 00:00:00,+,-,+,Mixed
TORNTPHARM,2016-03-01 00:00:00,+,-,-,Reinvestor
TORNTPHARM,2017-03-01 00:00:00,+,-,-,Reinvestor
TORNTPHARM,2018-03-01 00:00:00,+,-,+,Mixed
TORNTPHARM,2019-03-01 00:00:00,+,-,-,Reinvestor
TORNTPHARM,2020-03-01 00:00:00,+,+,-,Liquidating Assets
TORNTPHARM,2021-03-01 00:00:00,+,-,-,Reinvestor
TORNTPHARM,2022-03-01 00:00:00,+,-,-,Reinvestor
TORNTPHARM,2023-03-01 00:00:00,+,-,+,Mixed
TORNTPHARM,2024-03-01 00:00:00,+,-,-,Reinvestor
TRENT,2013-03-01 00:00:00,+,-,+,Mixed
TRENT,2014-03-01 00:00:00,-,-,-,Pre-Revenue
TRENT,2015-03-01 00:00:00,-,-,+,Growth Funded by Debt
TRENT,2016-03-01 00:00:00,+,-,-,Reinvestor
TRENT,2017-03-01 00:00:00,+,-,-,Reinvestor
TRENT,2018-03-01 00:00:00,+,-,-,Reinvestor
TRENT,2019-03-01 00:00:00,+,-,+,Mixed
TRENT,2020-03-01 00:00:00,+,-,+,Mixed
TRENT,2021-03-01 00:00:00,+,+,-,Liquidating Assets
TRENT,2022-03-01 00:00:00,+,+,-,Liquidating Assets
TRENT,2023-03-01 00:00:00,+,-,-,Reinvestor
TRENT,2024-03-01 00:00:00,+,-,-,Reinvestor
TVSMOTOR,2013-03-01 00:00:00,+,-,-,Reinvestor
TVSMOTOR,2014-03-01 00:00:00,+,-,-,Reinvestor
TVSMOTOR,2015-03-01 00:00:00,+,-,+,Mixed
TVSMOTOR,2016-03-01 00:00:00,+,-,-,Reinvestor
TVSMOTOR,2017-03-01 00:00:00,+,-,-,Reinvestor
TVSMOTOR,2018-03-01 00:00:00,+,-,+,Mixed
TVSMOTOR,2019-03-01 00:00:00,-,-,+,Growth Funded by Debt
TVSMOTOR,2020-03-01 00:00:00,+,-,+,Mixed
TVSMOTOR,2021-03-01 00:00:00,+,-,+,Mixed
TVSMOTOR,2022-03-01 00:00:00,-,-,+,Growth Funded by Debt
TVSMOTOR,2023-03-01 00:00:00,-,-,+,Growth Funded by Debt
TVSMOTOR,2024-03-01 00:00:00,-,-,+,Growth Funded by Debt
ULTRACEMCO,2013-03-01 00:00:00,+,-,+,Mixed
ULTRACEMCO,2014-03-01 00:00:00,+,-,-,Reinvestor
ULTRACEMCO,2015-03-01 00:00:00,+,-,-,Reinvestor
ULTRACEMCO,2016-03-01 00:00:00,+,-,-,Reinvestor
ULTRACEMCO,2017-03-01 00:00:00,+,-,-,Reinvestor
ULTRACEMCO,2018-03-01 00:00:00,+,+,-,Liquidating Assets
ULTRACEMCO,2019-03-01 00:00:00,+,+,-,Liquidating Assets
ULTRACEMCO,2020-03-01 00:00:00,+,-,-,Reinvestor
ULTRACEMCO,2021-03-01 00:00:00,+,-,-,Reinvestor
ULTRACEMCO,2022-03-01 00:00:00,+,+,-,Liquidating Assets
ULTRACEMCO,2023-03-01 00:00:00,+,-,-,Reinvestor
ULTRACEMCO,2024-03-01 00:00:00,+,-,-,Reinvestor
UNIONBANK,2013-03-01 00:00:00,-,-,+,Growth Funded by Debt
UNIONBANK,2014-03-01 00:00:00,+,-,+,Mixed
UNIONBANK,2015-03-01 00:00:00,-,-,+,Growth Funded by Debt
UNIONBANK,2016-03-01 00:00:00,+,-,-,Reinvestor
UNIONBANK,2017-03-01 00:00:00,-,-,+,Growth Funded by Debt
UNIONBANK,2018-03-01 00:00:00,+,-,+,Mixed
UNIONBANK,2019-03-01 00:00:00,-,-,+,Growth Funded by Debt
UNIONBANK,2020-03-01 00:00:00,-,-,+,Growth Funded by Debt
UNIONBANK,2021-03-01 00:00:00,+,-,-,Reinvestor
UNIONBANK,2022-03-01 00:00:00,+,-,-,Reinvestor
UNIONBANK,2023-03-01 00:00:00,+,-,-,Reinvestor
UNIONBANK,2024-03-01 00:00:00,+,-,-,Reinvestor
UNITDSPR,2013-03-01 00:00:00,+,-,-,Reinvestor
UNITDSPR,2014-03-01 00:00:00,-,-,+,Growth Funded by Debt
UNITDSPR,2015-03-01 00:00:00,-,+,-,Unknown
UNITDSPR,2016-03-01 00:00:00,+,+,-,Liquidating Assets
UNITDSPR,2017-03-01 00:00:00,+,-,-,Reinvestor
UNITDSPR,2018-03-01 00:00:00,+,+,-,Liquidating Assets
UNITDSPR,2019-03-01 00:00:00,+,-,-,Reinvestor
UNITDSPR,2020-03-01 00:00:00,+,-,-,Reinvestor
UNITDSPR,2021-03-01 00:00:00,+,-,-,Reinvestor
UNITDSPR,2022-03-01 00:00:00,+,-,-,Reinvestor
UNITDSPR,2023-03-01 00:00:00,+,-,-,Reinvestor
UNITDSPR,2024-03-01 00:00:00,+,+,-,Liquidating Assets
VBL,2012-12-01 00:00:00,+,-,+,Mixed
VBL,2013-12-01 00:00:00,+,-,+,Mixed
VBL,2014-12-01 00:00:00,+,-,+,Mixed
VBL,2015-12-01 00:00:00,+,-,-,Reinvestor
VBL,2016-12-01 00:00:00,+,-,+,Mixed
VBL,2017-12-01 00:00:00,+,-,+,Mixed
VBL,2018-12-01 00:00:00,+,-,-,Reinvestor
VBL,2019-12-01 00:00:00,+,-,+,Mixed
VBL,2020-12-01 00:00:00,+,-,-,Reinvestor
VBL,2021-12-01 00:00:00,+,-,-,Reinvestor
VBL,2022-12-01 00:00:00,+,-,-,Reinvestor
VBL,2023-12-01 00:00:00,+,-,+,Mixed
VEDL,2013-03-01 00:00:00,+,-,+,Mixed
VEDL,2014-03-01 00:00:00,+,-,-,Reinvestor
VEDL,2015-03-01 00:00:00,+,-,-,Reinvestor
VEDL,2016-03-01 00:00:00,+,-,-,Reinvestor
VEDL,2017-03-01 00:00:00,+,+,-,Liquidating Assets
VEDL,2018-03-01 00:00:00,+,+,-,Liquidating Assets
VEDL,2019-03-01 00:00:00,+,-,-,Reinvestor
VEDL,2020-03-01 00:00:00,+,-,-,Reinvestor
VEDL,2021-03-01 00:00:00,+,-,-,Reinvestor
VEDL,2022-03-01 00:00:00,+,-,-,Reinvestor
VEDL,2023-03-01 00:00:00,+,-,-,Reinvestor
VEDL,2024-03-01 00:00:00,+,-,-,Reinvestor
WIPRO,2013-03-01 00:00:00,+,-,-,Reinvestor
WIPRO,2014-03-01 00:00:00,+,-,-,Reinvestor
WIPRO,2015-03-01 00:00:00,+,-,-,Reinvestor
WIPRO,2016-03-01 00:00:00,+,-,-,Reinvestor
WIPRO,2017-03-01 00:00:00,+,-,-,Reinvestor
WIPRO,2018-03-01 00:00:00,+,+,-,Liquidating Assets
WIPRO,2019-03-01 00:00:00,+,+,-,Liquidating Assets
WIPRO,2020-03-01 00:00:00,+,+,-,Liquidating Assets
WIPRO,2021-03-01 00:00:00,+,+,-,Liquidating Assets
WIPRO,2022-03-01 00:00:00,+,-,+,Mixed
WIPRO,2023-03-01 00:00:00,+,-,-,Reinvestor
WIPRO,2024-03-01 00:00:00,+,+,-,Liquidating Assets
ZOMATO,2020-03-01 00:00:00,-,+,+,Distress Signal
ZOMATO,2021-03-01 00:00:00,-,-,+,Growth Funded by Debt
ZOMATO,2022-03-01 00:00:00,-,-,+,Growth Funded by Debt
ZOMATO,2023-03-01 00:00:00,-,+,-,Unknown
ZOMATO,2024-03-01 00:00:00,+,-,-,Reinvestor
ZYDUSLIFE,2013-03-01 00:00:00,+,-,+,Mixed
ZYDUSLIFE,2014-03-01 00:00:00,+,-,-,Reinvestor
ZYDUSLIFE,2015-03-01 00:00:00,+,-,-,Reinvestor
ZYDUSLIFE,2016-03-01 00:00:00,+,-,-,Reinvestor
ZYDUSLIFE,2017-03-01 00:00:00,+,-,+,Mixed
ZYDUSLIFE,2018-03-01 00:00:00,+,-,+,Mixed
ZYDUSLIFE,2019-03-01 00:00:00,+,-,+,Mixed
ZYDUSLIFE,2020-03-01 00:00:00,+,-,-,Reinvestor
ZYDUSLIFE,2021-03-01 00:00:00,+,-,-,Reinvestor
ZYDUSLIFE,2022-03-01 00:00:00,+,-,-,Reinvestor
ZYDUSLIFE,2023-03-01 00:00:00,+,+,-,Liquidating Assets
ZYDUSLIFE,2024-03-01 00:00:00,+,-,-,Reinvestor
